{
  "mean": [
    -7.059809755952389,
    -20.127738464285436,
    15.058405237103218,
    -8.298630396825509,
    -0.5782451195436639,
    8.168148835813613,
    5.277052588293612,
    6.431345912202395,
    -0.426954017857125,
    4.938413792658709,
    -47.80767128621034,
    -12.383219066964163,
    -20.627908033729813,
    3.161813197420714,
    0.07440378819446099,
    0.4642239737103048,
    2.7456462316467616,
    6.02458985515866,
    2.3843406388889203,
    -57.589579188986804,
    -40.523031430558234,
    -29.002433912203283,
    2.332894103670635,
    -5.069109340773724,
    -1.0665009077380732,
    -0.5315701155754021,
    3.642543932043708,
    20.934649024801416,
    -94.3415353358148,
    -26.17600627975855,
    -34.16084886359179,
    14.020059134424386,
    5.947883279265969,
    -0.8176402658730231,
    -2.4256795193451994,
    4.272550468749899,
    6.163064660218395,
    -75.84613585615057,
    -3.6419369236106807,
    -29.826585107639023,
    4.1486473363095255,
    7.955650640873031,
    -1.899762137400786,
    -0.7483283472222313,
    5.4057967827379505
  ],
  "std": [
    21.61381406582418,
    42.013757374476015,
    83.64726170235683,
    35.49326216244867,
    32.677943667157564,
    21.251504412051737,
    2.558478553561269,
    2.9403597226342297,
    3.8530254383985145,
    16.78799100216801,
    48.42357644069106,
    100.15881361534113,
    40.44331812155468,
    30.065250395571205,
    21.25356872264127,
    2.7710368296999848,
    6.673781733153962,
    2.3796885578517672,
    16.30307894733786,
    79.75567189292599,
    85.22772602380623,
    57.78010600893012,
    27.142951711921096,
    22.06370501709113,
    2.2662528885918456,
    8.205002254634115,
    3.2123759836217234,
    19.85567846985839,
    62.43388312619235,
    98.71405315195678,
    63.589676263460206,
    39.04767101911168,
    19.686599735066633,
    2.850910087210576,
    7.327967579578425,
    3.8868936243634353,
    21.0132172050499,
    55.22066493416256,
    109.46380911485892,
    56.43351836813665,
    29.02349246594829,
    22.00782167084514,
    2.897333869763014,
    6.473463389772338,
    3.594825012609279
  ]
}