{
  "mean": [
    0.6799829955555768,
    -28.590233631111527,
    47.995521767777454,
    -11.36921186833346,
    10.384054263888942,
    17.26471432111112,
    3.6401299766666817,
    5.013688783888918,
    1.46256687722225,
    16.55514190444422,
    -38.93542133555599,
    -10.791107350000173,
    -28.855388222777542,
    12.970130719444265,
    -1.2442311461111082,
    -2.2892568038888146,
    4.065320375000001,
    3.60154813666675,
    7.146356505555387,
    -46.713331667776956,
    16.36716211500007,
    -42.61392908888899,
    1.0930210072222644,
    -14.046769880000088,
    -3.71068711666665,
    0.37263533000000654,
    1.5439373338889395,
    27.105936545555657,
    -62.4446625599997,
    -30.077713195000225,
    -42.13954604777765,
    23.731832133889316,
    4.2414353305555625,
    -2.510786662777829,
    1.5733048188888834,
    2.8931220983333246,
    16.456420436666566,
    -47.583997458333805,
    -8.023382949999744,
    -36.55281089222217,
    16.583536006111142,
    4.497038131111121,
    -4.148088557777818,
    1.9666316244444833,
    3.5591671355555525
  ],
  "std": [
    30.353790209178737,
    57.73654533681238,
    112.52149685773315,
    47.16656836857593,
    55.864263308646905,
    64.903297801457,
    4.277760853330657,
    4.3926635413364785,
    4.91693360975982,
    38.6507737193002,
    72.48816273266654,
    117.22484262847463,
    73.85452010811944,
    52.23925754986276,
    34.88364118648136,
    4.368303785735719,
    5.604457410811022,
    4.113520389647159,
    29.706610909599195,
    101.10007709134574,
    111.20315419523253,
    85.78721376679464,
    47.664454634764404,
    41.08217604848113,
    3.5174395714166296,
    6.761170368488852,
    5.038476334860125,
    36.05352682230883,
    79.42501406065948,
    114.99348881140254,
    86.72276357870611,
    59.0694230747441,
    33.26984208998941,
    4.318459261691892,
    6.548193660467517,
    4.813814465406761,
    35.717982479331084,
    83.11469482086635,
    132.13755557762806,
    74.99313949165605,
    57.20978584509197,
    36.53412425836164,
    3.8807650435624805,
    5.891997225684288,
    4.151447744380605
  ]
}