{
  "mean": [
    -29.575704259615524,
    49.49527939519272,
    3.2780937852532883,
    -2.660218681089721,
    -1.1191776737179762,
    0.997235971153833,
    4.800271122115361,
    6.678075825320308,
    -1.8384664548076652,
    -11.29259866153869,
    -18.29867628429487,
    -48.91000683301218,
    -1.8190535560897898,
    -0.9568349403846561,
    -0.12959959006410138,
    0.6287516233974193,
    0.5505254817307754,
    1.736034846794881,
    -4.807498528205105,
    60.750632182371255,
    16.396992265061026,
    -1.6901951400641104,
    -0.2047522535256398,
    0.044266203525641666,
    -1.5609384064102285,
    -1.825839302884617,
    -0.8641909262820581,
    26.21290982724396,
    -62.04429032948704,
    -1.5014208102586082,
    -3.2907784205127952,
    0.957714607692307,
    1.2929562541666835,
    -1.9092956217949022,
    -3.5776635249999913,
    -0.7242960009615411,
    19.4659369179488,
    -29.608342462180236,
    30.828212812508056,
    -2.531090791346136,
    0.4915170016025628,
    1.6589335993589942,
    -1.9590526826923167,
    -1.824585995833386,
    1.690991579807668
  ],
  "std": [
    28.045077122739297,
    60.197355167232985,
    64.69783368793966,
    17.853892472947024,
    13.363721708212012,
    9.496012596686885,
    3.6724448250640864,
    5.260622641437033,
    4.186706468863062,
    15.680907936096682,
    53.542445952343655,
    59.54649592451345,
    14.521765299655447,
    8.083558998689815,
    8.255235793392416,
    2.1221736758911223,
    5.51756741867416,
    3.797096626124711,
    14.731775758823035,
    63.065621856675335,
    62.17405284724226,
    13.034645245842796,
    6.82393379731745,
    6.803319381900097,
    1.4703744096849607,
    4.469051969392903,
    1.8991795070510833,
    12.755383380063003,
    38.506638863459735,
    47.963921150802406,
    18.371314484326962,
    8.736728376471696,
    8.99949213455232,
    1.6078847014078717,
    3.8523787763958373,
    2.3694783895546485,
    19.50757248637458,
    33.227260142030424,
    46.18156941449431,
    15.856153751193398,
    6.820426851864189,
    9.07105844310659,
    2.7187225980740344,
    4.278423262539873,
    2.3096959521665217
  ]
}