{
  "mean": [
    3.876962918103473,
    -27.83888869300749,
    36.21964259961766,
    -10.16676583668583,
    12.380813463601378,
    15.05140136063232,
    3.59172182471265,
    4.877185632183917,
    1.4875455847701404,
    18.274169682950216,
    -36.78743584195485,
    -4.252307051724231,
    -25.245463236111487,
    14.970357016762225,
    -0.5027866958811932,
    -2.242497901340959,
    4.032222310344795,
    3.356477946839155,
    9.26249356609201,
    -47.277097054117625,
    16.586797524904117,
    -39.16154116331349,
    2.418405159003809,
    -12.781838432950183,
    -3.892996795019118,
    0.5738793553640001,
    1.4142547959770244,
    27.82612806800738,
    -58.42138296072829,
    -19.37910712643691,
    -39.554117405172285,
    22.511092229406408,
    6.40518131848673,
    -2.5432618275862713,
    1.827116547892724,
    2.8371942385058175,
    16.254940452107235,
    -45.6457744779693,
    4.749707883141562,
    -34.78376855124581,
    15.320208966954034,
    6.839451627873551,
    -4.246297296455995,
    2.1211266685824004,
    3.341300283045989
  ],
  "std": [
    32.63682727481636,
    57.00506746349799,
    119.06165301905692,
    48.95484952242856,
    57.15100958044221,
    62.83634088712551,
    4.581159852107423,
    4.416226803514418,
    4.791048088434955,
    38.53334439796225,
    73.15002714495029,
    117.82366681718058,
    75.46262987763576,
    56.11090080783844,
    36.864485747006846,
    4.389946326147486,
    5.543848346663518,
    4.45416486107317,
    31.379445426166704,
    97.68989058679757,
    110.48109828712622,
    82.82083600134314,
    50.10870911738391,
    44.57001944364882,
    3.585789433979029,
    6.663200207362971,
    5.0214705451367365,
    35.709211337778086,
    79.72749887210612,
    115.43826565631879,
    85.61132200459961,
    60.526409861920946,
    37.61377285568009,
    4.282758321227376,
    6.471015725943184,
    4.884080328313358,
    35.1070381949089,
    82.18658799330504,
    131.57299331915456,
    74.74573532822856,
    57.99803895370431,
    40.07548680520309,
    3.8459514755301116,
    5.851360806250148,
    4.25856543804209
  ]
}