{
  "mean": [
    -8.516856184523723,
    -15.121047948412397,
    21.621555177579868,
    -7.1155590674604925,
    -1.4345142465277836,
    9.164959093750184,
    5.310257687499992,
    6.500705039186535,
    -0.46302685515872166,
    4.860059447420599,
    -48.45073483779755,
    -12.368664741567416,
    -21.426386505952184,
    2.629975360119112,
    0.903855990575385,
    0.5050870887896761,
    2.7626316284721657,
    5.941976938492055,
    2.3547176428571794,
    -60.589968554067084,
    -42.545251490081576,
    -29.920613059028664,
    1.919456306051566,
    -4.2338638249008085,
    -0.8667411259920554,
    -0.4632905917658753,
    3.7235350431548206,
    20.94933454067447,
    -97.49509007787685,
    -31.64287429563145,
    -36.33591158184577,
    11.801263876488099,
    5.454499191964344,
    -0.8431352063492091,
    -2.618553269345199,
    4.064734575892731,
    7.146292676091401,
    -78.05111801884856,
    -14.255603491070223,
    -31.139813738591418,
    2.591829022817523,
    6.547103716269899,
    -2.1412585064484135,
    -0.7639766210317486,
    5.227835453372905
  ],
  "std": [
    20.59368412782869,
    43.65877741756218,
    80.34424138888608,
    31.506708541253936,
    26.2101684810102,
    24.793939591159997,
    2.4697410474764916,
    2.9454371092464084,
    3.715771987442561,
    17.838535296103327,
    48.82448198068803,
    99.51532041723804,
    41.48983558326048,
    25.528869610192192,
    18.397566014515792,
    2.7771799196967324,
    6.734716632168676,
    2.338187437770921,
    15.950296841811754,
    80.24177143692381,
    85.21804384077964,
    58.32748804427045,
    23.023664825479525,
    19.32638896236473,
    2.1864818881587045,
    8.227783532851685,
    3.169546529014501,
    19.920602575144493,
    64.0142813467468,
    97.16869778462839,
    64.15493526415365,
    34.380172881428116,
    19.294458184811894,
    2.8771265120436604,
    7.345580491936404,
    3.874822622771295,
    20.902056274173706,
    57.43686527360548,
    105.41907016094154,
    56.32392163354733,
    23.23490984777803,
    20.188164825722946,
    2.8756965364674776,
    6.503754469373875,
    3.6541935516207964
  ]
}